Use Club_Conquistadores

INSERT INTO Club( nom_club, direccion, lema,logo,City ) VALUES
('Alfa y omega' ,'Colonia Tierra Blanca #2399','Con cristo hasta el fin','logoalfa.jpg' ,'Culiacán'), 
( 'Canaan', 'Colonia Burocrata #3299','Con cristo hacia la tierra prometida','logocan.jpg' ,'Culiacán'),
( 'Veldenses', 'Colonia 20 Marzo #2100','Oh sereis misioneros o no sereis nada','logovel.jpg' ,'Culiacán'),
( 'Carone', 'Colonia Adolfo Ruiz Cortinez #2311 ','Aunque lejos mas cerca de cristo','logocar.jpg','Culiacán' ),
( 'Alborada', 'Colonia 21 de marzo #1090','Con cristo en cada amanecer','logoalb.jpg' ,'Culiacán'),
( 'Zurisadai', 'Colonia Bonanza #1222','El todo poderoso es mi roca','logozu.jpg' ,'Mazatlán'),
( 'Orion', 'Colonia Bachigualato #3412','Puerta al cielo','logoor.jpg','Guamuchil' ),
( 'Aguilas Reales', 'Colonia Casa Blanca #2105','Con cristo en las alturas','logoag.jpg' ,'Mazatlán'),
( 'Suriel', 'Colonia Chulavista #123 ','Dios es mi roca','logosuriel.jpg','Los mochis' ),
( 'Nooma', 'Colonia Espacios Marsella #2319 ','Aliento y espiritu','logono.jpg' ,'Escuinapa');
go
INSERT INTO Directivos( id_club,nombre,direccion,puesto) VALUES
( 1, 'Ernesto Medina Peña','Colonia humaya #2233','Director' ),
( 1, 'Alberto Gordoa Valenzuela','Colonia Valles del pedregal #2379','Sub-Director' ),
( 1, 'Manuel Garcia Rivera','Colonia Hacienda de la mora #2111','Secretario' ),
( 1, 'Pedro Peñuñuri Rivas','Colonia Stanza #3417','Tesorero' );
go
INSERT INTO Unidad(id_unidad,nombre,logo,lema) VALUES
( 5001, 'Los Lobatos','Cabezadelobo.jpg','A la victoria' ),
( 5002, 'Scouts de mar','Flordelis.jpg','Persevera sin desistir' );
go
INSERT INTO Padre(nombre,telefono,ocupacion) VALUES
( 'Jose Miguel Singh Gastelum', '6677213456','Programador' ),
( 'Rebeca Godoy Valencia', '6672010101','Maestra' ),
( 'Jesus Valenzuela Valenzuela', '6677998877','Maestro' ),
( 'Maria del rosario Tirado Castro', '6671980134','Cajera Departamental' ),
( 'Mirna Quevedo Meza', '6671837484','Directora Escolar' ),
( 'Guillermo Cardenas Felix', '6681092345','Demostrador' ),
( 'Mario Lopez Martos', '6671340198','Pintor' ),
( 'Maybeth Solano Enriquez', '6671349900','Secretaria' ),
( 'Rodolfo Davalos Quintero', '6673982345','Intendente' ),
( 'Ruben Piña Armenta', '6677341298','Gerente Tienda Departamental' );
go
INSERT INTO Clase (id_clase,nombre,color,logo) VALUES
( 1001, 'Amigo','Azul' ,'logoaz.jpg'),
( 1002, 'Compañero','Rojo' ,'logoro.jpg'),
( 1003, 'Explorador','Verde' ,'logover.jpg'),
( 1004, 'Orientador','Blanco' ,'logobla.jpg'),
( 1005, 'Viajero','Tinto' ,'logotin.jpg'),
( 1006, 'Guia','Amarillo' ,'logoam.jpg'),
( 1007, 'Guia Mayor','Negro' ,'logoneg.jpg');
go
INSERT INTO Actividades(id_act,nombre,[desc])VALUES
( 10001, 'GE1','Obtener su membresia del club'),
( 10002, 'GE2','Aprender de memoria el voto y ley del conquistador'),
( 10003, 'GE3','Leer el libro El Sendero de la Felicidad'),
( 10004, 'GE4','Obtener un certificado del Club de libros'),
( 10005, 'IV1','Aprender de memoria libros del antiguo testamento'),
( 10006, 'IV2','Saber y explicar el Salmo 23 o el Salmo 46'),
( 10007, 'IV3','Escoger de estos personajes y discutir su historia:José,Jonás o Ruth'),
( 10008, 'SO1','Visitar a alguien que no tenga amigos'),
( 10009, 'SO2','Ayudar a una persona necesitada'),
( 10010, 'SO3','Ayudar a organizar y dirigir una fiesta para amigos'),
( 10011, 'AM','Construir modelo de autito de plástico'),
( 10012, 'BR','Presentar bordados hechos usando punto contorno y punto margarita'),
( 10013, 'DP','Dibujo animal a mano con distribución equilibrada de colores'),
( 10014, 'Mu','Escribir una escala completa en las claves sol, fa, do');
go
INSERT INTO Especialidad(id_espe,nombre,[desc]) Values
( 30001, 'AH','Artes Y Habilidades Manuales'),
( 30002, 'AR','Actividades Recreativas'),
( 30003, 'AP','Actividades Profesionales'),
( 30004, 'AMC','Actividades Misioneras y Comunitarias'),
( 30005, 'CS','Ciencias Y Salud'),
( 30006, 'EN','Estudio de la naturaleza'),
( 30007, 'HD','Habilidades domésticas'),
( 30008, 'AA','Actividades Agrícolas'),
( 30009, 'AD','ADRA');

go
INSERT INTO Conquistadores(id_conquist,id_club,id_unidad,id_padre,id_clase,Nom_Conquist,fecha_nac,edad,sexo,estatura,peso) VALUES
(20001,1,5001,1,1001,'Jose Antonio Singh Rocha','2005-07-01',13,'Masculino',1.59,78.5),
(20002,1,5001,2,1001,'Mario Perez Godoy','2004-10-12',13,'Masculino',1.40,49.2),
(20003,1,5001,3,1001,'Alfredo Valenzuela Zamudio','2006-01-09',12,'Masculino',1.39,40.6),
(20004,1,5001,4,1001,'Carlos Gomez Tirado','2006-10-23',11,'Masculino',1.42,45.9),
(20005,1,5001,5,1001,'Adrian Romero Quevedo','2007-11-23',10,'Masculino',1.35,34.5),
(20006,1,5002,6,1001,'Jose Enrique Cardenas Madrigal','2005-02-23',13,'Masculino',1.56,67.3),
(20007,1,5002,7,1001,'Jesus Uriel Lopez Montes','2005-03-21',13,'Masculino',1.45,51.2),
(20008,1,5002,8,1001,'Gilberto Arredondo Solano','2006-02-03',12,'Masculino',1.60,60.5),
(20009,1,5002,9,1001,'Antonio Davalos Quevedo','2007-03-09',11,'Masculino',1.42,42.1),
(20010,1,5002,10,1001,'Elioth Piña Avendaño','2008-05-10',10,'Masculino',1.38,40.6);
go
INSERT INTO Instructor(id_clase,nombre,direccion,telefono) VALUES
(1001,'Pablo Villegas Monzon','Colonia Loma Linda#2341','6671342398');
go
INSERT INTO Clase_Act(id_clase,id_conquist,id_act,fecha_reali) VALUES
(1001,20001,10001,'2018-10-02'),
(1001,20001,10002,'2018-10-02'),
(1001,20001,10003,'2018-10-02'),
(1001,20001,10004,'2018-10-07'),
(1001,20001,10005,'2018-10-08'),
(1001,20001,10006,'2018-10-09'),
(1001,20001,10007,'2018-10-09'),
(1001,20001,10008,'2018-10-10'),
(1001,20002,10001,'2018-10-01'),
(1001,20002,10002,'2018-10-02'),
(1001,20002,10003,'2018-10-02'),
(1001,20002,10004,'2018-10-04'),
(1001,20002,10005,'2018-10-05'),
(1001,20002,10006,'2018-10-07'),
(1001,20002,10007,'2018-10-07'),
(1001,20002,10008,'2018-10-07'),
(1001,20003,10001,'2018-10-03'),
(1001,20003,10002,'2018-10-03'),
(1001,20003,10003,'2018-10-04'),
(1001,20003,10004,'2018-10-05'),
(1001,20003,10005,'2018-10-06'),
(1001,20003,10006,'2018-10-07'),
(1001,20003,10007,'2018-10-08'),
(1001,20003,10008,'2018-10-09'),
(1001,20004,10001,'2018-10-01'),
(1001,20004,10002,'2018-10-02'),
(1001,20004,10003,'2018-10-03'),
(1001,20004,10004,'2018-10-03'),
(1001,20004,10005,'2018-10-03'),
(1001,20004,10006,'2018-10-03'),
(1001,20004,10007,'2018-10-09'),
(1001,20004,10008,'2018-10-09'),
(1001,20005,10001,'2018-10-04'),
(1001,20005,10002,'2018-10-04'),
(1001,20005,10003,'2018-10-04'),
(1001,20005,10004,'2018-10-04'),
(1001,20005,10005,'2018-10-05'),
(1001,20005,10006,'2018-10-05'),
(1001,20005,10007,'2018-10-09'),
(1001,20005,10008,'2018-10-09'),
(1001,20006,10001,'2018-10-01'),
(1001,20006,10002,'2018-10-01'),
(1001,20006,10003,'2018-10-01'),
(1001,20006,10004,'2018-10-05'),
(1001,20006,10005,'2018-10-05'),
(1001,20006,10006,'2018-10-07'),
(1001,20006,10007,'2018-10-07'),
(1001,20006,10008,'2018-10-07'),
(1001,20007,10001,'2018-10-03'),
(1001,20007,10002,'2018-10-03'),
(1001,20007,10003,'2018-10-04'),
(1001,20007,10004,'2018-10-05'),
(1001,20007,10005,'2018-10-06'),
(1001,20007,10006,'2018-10-06'),
(1001,20007,10007,'2018-10-06'),
(1001,20007,10008,'2018-10-07'),
(1001,20008,10001,'2018-10-05'),
(1001,20008,10002,'2018-10-05'),
(1001,20008,10003,'2018-10-05'),
(1001,20008,10004,'2018-10-05'),
(1001,20008,10005,'2018-10-06'),
(1001,20008,10006,'2018-10-06'),
(1001,20008,10007,'2018-10-06'),
(1001,20008,10008,'2018-10-07'),
(1001,20009,10001,'2018-10-01'),
(1001,20009,10002,'2018-10-02'),
(1001,20009,10003,'2018-10-02'),
(1001,20009,10004,'2018-10-03'),
(1001,20009,10005,'2018-10-03'),
(1001,20009,10006,'2018-10-09'),
(1001,20009,10007,'2018-10-09'),
(1001,20009,10008,'2018-10-09'),
(1001,20010,10001,'2018-10-01'),
(1001,20010,10002,'2018-10-01'),
(1001,20010,10003,'2018-10-01'),
(1001,20010,10004,'2018-10-02'),
(1001,20010,10005,'2018-10-06'),
(1001,20010,10006,'2018-10-09'),
(1001,20010,10007,'2018-10-09'),
(1001,20010,10008,'2018-10-09');

go
INSERT INTO Especialidad_Act(id_espe,id_clase,id_conquist,id_act,fecha_reali) VALUES
( 30001, 1001,20001,10011,'2018-10-18'),
( 30001, 1001,20001,10012,'2018-10-18'),
( 30001, 1001,20001,10013,'2018-10-19'),
( 30001, 1001,20001,10014,'2018-10-20'),
( 30001, 1001,20002,10011,'2018-10-18'),
( 30001, 1001,20002,10012,'2018-10-18'),
( 30001, 1001,20002,10013,'2018-10-19'),
( 30001, 1001,20002,10014,'2018-10-19'),
( 30001, 1001,20003,10011,'2018-10-18'),
( 30001, 1001,20003,10012,'2018-10-18'),
( 30001, 1001,20003,10013,'2018-10-18'),
( 30001, 1001,20003,10014,'2018-10-19'),
( 30001, 1001,20004,10011,'2018-10-19'),
( 30001, 1001,20004,10012,'2018-10-19'),
( 30001, 1001,20004,10013,'2018-10-19'),
( 30001, 1001,20004,10014,'2018-10-20'),
( 30001, 1001,20005,10011,'2018-10-18'),
( 30001, 1001,20005,10012,'2018-10-19'),
( 30001, 1001,20005,10013,'2018-10-19'),
( 30001, 1001,20005,10014,'2018-10-20'),
( 30001, 1001,20006,10011,'2018-10-18'),
( 30001, 1001,20006,10012,'2018-10-19'),
( 30001, 1001,20006,10013,'2018-10-20'),
( 30001, 1001,20006,10014,'2018-10-21'),
( 30001, 1001,20007,10011,'2018-10-18'),
( 30001, 1001,20007,10012,'2018-10-18'),
( 30001, 1001,20007,10013,'2018-10-20'),
( 30001, 1001,20007,10014,'2018-10-21'),
( 30001, 1001,20008,10011,'2018-10-18'),
( 30001, 1001,20008,10012,'2018-10-20'),
( 30001, 1001,20008,10013,'2018-10-20'),
( 30001, 1001,20008,10014,'2018-10-21'),
( 30001, 1001,20009,10011,'2018-10-18'),
( 30001, 1001,20009,10012,'2018-10-18'),
( 30001, 1001,20009,10013,'2018-10-18'),
( 30001, 1001,20009,10014,'2018-10-18'),
( 30001, 1001,20010,10011,'2018-10-18'),
( 30001, 1001,20010,10012,'2018-10-18'),
( 30001, 1001,20010,10013,'2018-10-20'),
( 30001, 1001,20010,10014,'2018-10-20');
go
INSERT INTO Reunion(id_clase,id_conquist,asistencia,cuota,tareas,uniforme,pulcritud,Fecha_reu) VALUES
(1001,20001,'Cumplio','Cumplio','Cumplio','Cumplio','Cumplio','2018-10-05'),
(1001,20002,'Cumplio','Cumplio','Cumplio','Cumplio','Cumplio','2018-10-05'),
(1001,20003,'Cumplio','Cumplio','Cumplio','Cumplio','Cumplio','2018-10-05'),
(1001,20004,'Cumplio','Cumplio','Cumplio','Cumplio','Cumplio','2018-10-05'),
(1001,20005,'Cumplio','Cumplio','Cumplio','Cumplio','Cumplio','2018-10-05'),
(1001,20006,'Cumplio','Cumplio','Cumplio','Cumplio','Cumplio','2018-10-05'),
(1001,20007,'Cumplio','Cumplio','Cumplio','Cumplio','Cumplio','2018-10-05'),
(1001,20008,'Cumplio','Cumplio','Cumplio','Cumplio','Cumplio','2018-10-05'),
(1001,20009,'Cumplio','Cumplio','Cumplio','Cumplio','Cumplio','2018-10-05'),
(1001,20010,'Cumplio','Cumplio','Cumplio','Cumplio','Cumplio','2018-10-05'),
(1001,20001,'Cumplio','Cumplio','Cumplio','Cumplio','Cumplio','2018-10-06'),
(1001,20002,'Cumplio','Cumplio','Cumplio','Cumplio','Cumplio','2018-10-06'),
(1001,20003,'Cumplio','Cumplio','Cumplio','Cumplio','Cumplio','2018-10-06'),
(1001,20004,'Cumplio','Cumplio','Cumplio','Cumplio','Cumplio','2018-10-06'),
(1001,20005,'Cumplio','Cumplio','Cumplio','Cumplio','Cumplio','2018-10-06'),
(1001,20006,'Cumplio','Cumplio','Cumplio','Cumplio','Cumplio','2018-10-06'),
(1001,20007,'Cumplio','Cumplio','Cumplio','Cumplio','Cumplio','2018-10-06'),
(1001,20008,'Cumplio','Cumplio','Cumplio','Cumplio','Cumplio','2018-10-06'),
(1001,20009,'Cumplio','Cumplio','Cumplio','Cumplio','Cumplio','2018-10-06'),
(1001,20010,'Cumplio','Cumplio','Cumplio','Cumplio','Cumplio','2018-10-06'),
(1001,20001,'Cumplio','Cumplio','Cumplio','Cumplio','Cumplio','2018-10-07'),
(1001,20002,'Cumplio','Cumplio','Cumplio','Cumplio','Cumplio','2018-10-07'),
(1001,20003,'Cumplio','Cumplio','Cumplio','Cumplio','Cumplio','2018-10-07'),
(1001,20004,'Cumplio','Cumplio','Cumplio','Cumplio','Cumplio','2018-10-07'),
(1001,20005,'Cumplio','Cumplio','Cumplio','Cumplio','Cumplio','2018-10-07'),
(1001,20006,'Cumplio','Cumplio','Cumplio','Cumplio','Cumplio','2018-10-07'),
(1001,20007,'Cumplio','Cumplio','Cumplio','Cumplio','Cumplio','2018-10-07'),
(1001,20008,'Cumplio','Cumplio','Cumplio','Cumplio','Cumplio','2018-10-07'),
(1001,20009,'Cumplio','Cumplio','Cumplio','Cumplio','Cumplio','2018-10-07'),
(1001,20010,'Cumplio','Cumplio','Cumplio','Cumplio','Cumplio','2018-10-07'),
(1001,20001,'Cumplio','Cumplio','Cumplio','Cumplio','Cumplio','2018-10-12'),
(1001,20002,'Cumplio','Cumplio','Cumplio','Cumplio','Cumplio','2018-10-12'),
(1001,20003,'Cumplio','Cumplio','Cumplio','Cumplio','Cumplio','2018-10-12'),
(1001,20004,'Cumplio','Cumplio','Cumplio','Cumplio','Cumplio','2018-10-12'),
(1001,20005,'Cumplio','Cumplio','Cumplio','Cumplio','Cumplio','2018-10-12'),
(1001,20006,'Cumplio','Cumplio','Cumplio','Cumplio','Cumplio','2018-10-12'),
(1001,20007,'Cumplio','Cumplio','Cumplio','Cumplio','Cumplio','2018-10-12'),
(1001,20008,'Cumplio','Cumplio','Cumplio','Cumplio','Cumplio','2018-10-12'),
(1001,20009,'Cumplio','Cumplio','Cumplio','Cumplio','Cumplio','2018-10-12'),
(1001,20010,'Cumplio','Cumplio','Cumplio','Cumplio','Cumplio','2018-10-12'),
(1001,20001,'Cumplio','Cumplio','Cumplio','Cumplio','Cumplio','2018-10-13'),
(1001,20002,'Cumplio','Cumplio','Cumplio','Cumplio','Cumplio','2018-10-13'),
(1001,20003,'Cumplio','Cumplio','Cumplio','Cumplio','Cumplio','2018-10-13'),
(1001,20004,'Cumplio','Cumplio','Cumplio','Cumplio','Cumplio','2018-10-13'),
(1001,20005,'Cumplio','Cumplio','Cumplio','Cumplio','Cumplio','2018-10-13'),
(1001,20006,'Cumplio','Cumplio','Cumplio','Cumplio','Cumplio','2018-10-13'),
(1001,20007,'Cumplio','Cumplio','Cumplio','Cumplio','Cumplio','2018-10-13'),
(1001,20008,'Cumplio','Cumplio','Cumplio','Cumplio','Cumplio','2018-10-13'),
(1001,20009,'Cumplio','Cumplio','Cumplio','Cumplio','Cumplio','2018-10-13'),
(1001,20010,'Cumplio','Cumplio','Cumplio','Cumplio','Cumplio','2018-10-13'),
(1001,20001,'Cumplio','Cumplio','Cumplio','Cumplio','Cumplio','2018-10-14'),
(1001,20002,'Cumplio','Cumplio','Cumplio','Cumplio','Cumplio','2018-10-14'),
(1001,20003,'Cumplio','Cumplio','Cumplio','Cumplio','Cumplio','2018-10-14'),
(1001,20004,'Cumplio','Cumplio','Cumplio','Cumplio','Cumplio','2018-10-14'),
(1001,20005,'Cumplio','Cumplio','Cumplio','Cumplio','Cumplio','2018-10-14'),
(1001,20006,'Cumplio','Cumplio','Cumplio','Cumplio','Cumplio','2018-10-14'),
(1001,20007,'Cumplio','Cumplio','Cumplio','Cumplio','Cumplio','2018-10-14'),
(1001,20008,'Cumplio','Cumplio','Cumplio','Cumplio','Cumplio','2018-10-14'),
(1001,20009,'Cumplio','Cumplio','Cumplio','Cumplio','Cumplio','2018-10-14'),
(1001,20010,'Cumplio','Cumplio','Cumplio','Cumplio','Cumplio','2018-10-14'),
(1001,20001,'Cumplio','Cumplio','Cumplio','Cumplio','Cumplio','2018-10-19'),
(1001,20002,'Cumplio','Cumplio','Cumplio','Cumplio','Cumplio','2018-10-19'),
(1001,20003,'Cumplio','Cumplio','Cumplio','Cumplio','Cumplio','2018-10-19'),
(1001,20004,'Cumplio','Cumplio','Cumplio','Cumplio','Cumplio','2018-10-19'),
(1001,20005,'Cumplio','Cumplio','Cumplio','Cumplio','Cumplio','2018-10-19'),
(1001,20006,'Cumplio','Cumplio','Cumplio','Cumplio','Cumplio','2018-10-19'),
(1001,20007,'Cumplio','Cumplio','Cumplio','Cumplio','Cumplio','2018-10-19'),
(1001,20008,'Cumplio','Cumplio','Cumplio','Cumplio','Cumplio','2018-10-19'),
(1001,20009,'Cumplio','Cumplio','Cumplio','Cumplio','Cumplio','2018-10-19'),
(1001,20010,'Cumplio','Cumplio','Cumplio','Cumplio','Cumplio','2018-10-19'),
(1001,20001,'Cumplio','Cumplio','Cumplio','Cumplio','Cumplio','2018-10-20'),
(1001,20002,'Cumplio','Cumplio','Cumplio','Cumplio','Cumplio','2018-10-20'),
(1001,20003,'Cumplio','Cumplio','Cumplio','Cumplio','Cumplio','2018-10-20'),
(1001,20004,'Cumplio','Cumplio','Cumplio','Cumplio','Cumplio','2018-10-20'),
(1001,20005,'Cumplio','Cumplio','Cumplio','Cumplio','Cumplio','2018-10-20'),
(1001,20006,'Cumplio','Cumplio','Cumplio','Cumplio','Cumplio','2018-10-20'),
(1001,20007,'Cumplio','Cumplio','Cumplio','Cumplio','Cumplio','2018-10-20'),
(1001,20008,'Cumplio','Cumplio','Cumplio','Cumplio','Cumplio','2018-10-20'),
(1001,20009,'Cumplio','Cumplio','Cumplio','Cumplio','Cumplio','2018-10-20'),
(1001,20010,'Cumplio','Cumplio','Cumplio','Cumplio','Cumplio','2018-10-20'),
(1001,20001,'Cumplio','Cumplio','Cumplio','Cumplio','Cumplio','2018-10-21'),
(1001,20002,'Cumplio','Cumplio','Cumplio','Cumplio','Cumplio','2018-10-21'),
(1001,20003,'Cumplio','Cumplio','Cumplio','Cumplio','Cumplio','2018-10-21'),
(1001,20004,'Cumplio','Cumplio','Cumplio','Cumplio','Cumplio','2018-10-21'),
(1001,20005,'Cumplio','Cumplio','Cumplio','Cumplio','Cumplio','2018-10-21'),
(1001,20006,'Cumplio','Cumplio','Cumplio','Cumplio','Cumplio','2018-10-21'),
(1001,20007,'Cumplio','Cumplio','Cumplio','Cumplio','Cumplio','2018-10-21'),
(1001,20008,'Cumplio','Cumplio','Cumplio','Cumplio','Cumplio','2018-10-21'),
(1001,20009,'Cumplio','Cumplio','Cumplio','Cumplio','Cumplio','2018-10-21'),
(1001,20010,'Cumplio','Cumplio','Cumplio','Cumplio','Cumplio','2018-10-21'),
(1001,20001,'Cumplio','Cumplio','Cumplio','Cumplio','Cumplio','2018-10-26'),
(1001,20002,'Cumplio','Cumplio','Cumplio','Cumplio','Cumplio','2018-10-26'),
(1001,20003,'Cumplio','Cumplio','Cumplio','Cumplio','Cumplio','2018-10-26'),
(1001,20004,'Cumplio','Cumplio','Cumplio','Cumplio','Cumplio','2018-10-26'),
(1001,20005,'Cumplio','Cumplio','Cumplio','Cumplio','Cumplio','2018-10-26'),
(1001,20006,'Cumplio','Cumplio','Cumplio','Cumplio','Cumplio','2018-10-26'),
(1001,20007,'Cumplio','Cumplio','Cumplio','Cumplio','Cumplio','2018-10-26'),
(1001,20008,'Cumplio','Cumplio','Cumplio','Cumplio','Cumplio','2018-10-26'),
(1001,20009,'Cumplio','Cumplio','Cumplio','Cumplio','Cumplio','2018-10-26'),
(1001,20010,'Cumplio','Cumplio','Cumplio','Cumplio','Cumplio','2018-10-26');
go




